ankleL_x,ankleL_y,ankleL_z,ankleR_x,ankleR_y,ankleR_z,kneeL_x,kneeL_y,kneeL_z,kneeR_x,kneeR_y,kneeR_z
29.3468123343013,-116.847428579651,840.508844835871,29.3039145364091,-116.847599141765,840.531002398168,29.3599110741107,-116.907920754948,840.528587908166,29.3403130913046,-116.923530388807,840.552578023255
29.347381918872,-116.847451963328,840.508672252927,29.3042649276055,-116.846770736891,840.530291022374,29.362357971698,-116.907723324502,840.52709869659,29.3404387874992,-116.922754363951,840.552178910137
29.3479471956877,-116.847494226041,840.508494360909,29.304609281372,-116.845962572557,840.529548185277,29.3647969731298,-116.907516512173,840.52560524527,29.3405632854208,-116.921979281906,840.551780331457
29.3484987931459,-116.847581176097,840.508290810435,29.3049549376832,-116.845179630206,840.528769801142,29.3672175905339,-116.907292848921,840.52410164512,29.340673680972,-116.921216180312,840.55136762279
29.3490492335672,-116.847706325868,840.508073286246,29.305325656772,-116.844405204055,840.527994206144,29.3696082558581,-116.907049312221,840.522580337317,29.3407570527978,-116.920475641526,840.550925863757
29.3496209711344,-116.847852368049,840.507853719536,29.3057404314713,-116.843626096024,840.527241216182,29.3719559083161,-116.906787302696,840.521031636527,29.3408285538334,-116.91974901281,840.55046965295
29.3502267008651,-116.848024076116,840.507599754162,29.3062129093581,-116.842833868737,840.526467386766,29.3742460232595,-116.906509628219,840.519445578186,29.340899557613,-116.919024133564,840.550009558043
29.3508880414504,-116.848206427761,840.507295548499,29.3067565812788,-116.842014100728,840.525625472509,29.3764762429685,-116.906210153072,840.517832300717,29.3409767331969,-116.918282590262,840.549554886239
29.3516247341193,-116.848372955135,840.506936112453,29.3073968840533,-116.841126952516,840.524693915822,29.3786477625593,-116.905884417589,840.516206017172,29.3410557674304,-116.917518876149,840.549094298983
29.3524437090745,-116.848506207107,840.506512096646,29.3081611669455,-116.840125121914,840.523674630572,29.3807641582938,-116.905526522066,840.514580954141,29.3411255127644,-116.91674525132,840.548596521924
29.3533383360896,-116.848588400466,840.506024898586,29.3090157108142,-116.839059351437,840.522544821544,29.3828268206174,-116.905128841537,840.512968677903,29.3411901561063,-116.915968050559,840.54804773561
29.3542924125066,-116.84860988514,840.505481641618,29.309936391977,-116.837963889253,840.521318267513,29.3848339755756,-116.904685885718,840.511375069408,29.3412709630664,-116.915184823955,840.547455558243
29.3552827045925,-116.848569513048,840.504891941184,29.310905437321,-116.836861922645,840.520039867033,29.3867817018583,-116.904194638591,840.509801166454,29.341394732837,-116.914397302154,840.546830105347
29.3562840158908,-116.848474140234,840.504265954176,29.3118997390037,-116.835781459764,840.518763098191,29.3886646790954,-116.903654696881,840.508243140031,29.3415876681147,-116.913615169919,840.546175995177
29.3572712525004,-116.848329996769,840.503615630179,29.3128993120495,-116.834743045634,840.517531775862,29.3904850273866,-116.903063000258,840.506703226906,29.3418750896923,-116.912852128392,840.545494658751
29.3582223478484,-116.848142616324,840.502953174243,29.3138754747436,-116.833782963822,840.516359896532,29.3922436798826,-116.902415726842,840.505185143423,29.3422857025086,-116.912118299197,840.544793709692
29.3591189139932,-116.847916659921,840.502290294717,29.3148078341771,-116.832933142712,840.515278377717,29.393939039058,-116.901709186175,840.50369249274,29.3428435840466,-116.911425186311,840.544076331043
29.3599462089995,-116.84765600949,840.501637482748,29.315705991001,-116.832197631561,840.514379380981,29.3955671289158,-116.900940347769,840.502228243785,29.3435663246134,-116.910783435744,840.543341453256
29.3606933722821,-116.847363865209,840.501003892372,29.3165673589499,-116.831599829826,840.513712660113,29.3971213776063,-116.900107312622,840.500793960724,29.3444611395218,-116.910203058035,840.5425801443
29.3613524494632,-116.847042452744,840.500397903185,29.3173298306577,-116.831182516057,840.513176052429,29.3985959919889,-116.899208142273,840.499394087014,29.3455229670748,-116.909692217862,840.541774466597
29.3619180478468,-116.846693132806,840.499827170565,29.3179679798434,-116.830934811837,840.512735513037,29.3999851224102,-116.898242212425,840.498034314928,29.3467443225257,-116.909248208922,840.540913283484
29.3623875038731,-116.84631684812,840.499298138015,29.3184884966876,-116.830821178641,840.512417043566,29.4012830704371,-116.897211821867,840.496720994453,29.3481172781213,-116.90886084323,840.539991941141
29.3627609829599,-116.845914892433,840.49881509211,29.3189028655623,-116.830813534141,840.512246866106,29.4024843617899,-116.896122155449,840.495461131217,29.3496333388789,-116.908516771507,840.539008979576
29.3630410267867,-116.845489919982,840.498378774259,29.3192147879135,-116.830904994545,840.512213143247,29.4035835948186,-116.894981837446,840.494261808009,29.3512778682062,-116.908207360643,840.537955012332
29.3632312004455,-116.845046348471,840.497985639616,29.3194190415797,-116.831110289879,840.512284771651,29.4045759645449,-116.893803124459,840.493130566348,29.3530306021051,-116.907926351464,840.536814489888
29.3633352894435,-116.844590033755,840.49762813575,29.3195208129991,-116.831434387531,840.512451079959,29.4054573384347,-116.892600904938,840.492075913041,29.3548763038549,-116.907662433706,840.535582032714
29.3633588437788,-116.84412633405,840.497297452761,29.3195528373507,-116.831844206709,840.512737190835,29.4062285493317,-116.891389660091,840.49111354731,29.3568043216698,-116.90739846972,840.534262871464
29.3633119769415,-116.843656563337,840.496988686729,29.3195364461478,-116.832327309352,840.513134644336,29.4068856140602,-116.890189526819,840.490251780691,29.3588040819213,-116.907118039035,840.53286468599
29.3632094350975,-116.843176115572,840.496704045015,29.3194795427258,-116.832893914975,840.51359446489,29.4074194573189,-116.889027596361,840.489490058325,29.3608624366872,-116.906810938224,840.531391938169
29.3630642825115,-116.842679727346,840.496446789845,29.3193905342061,-116.833555636756,840.514090196745,29.4078195407227,-116.887930374875,840.488826123391,29.362969317121,-116.90646723952,840.529855683636
29.3628863064295,-116.842164539955,840.496218427173,29.3192991440751,-116.834292526727,840.514644238878,29.4080754175496,-116.886925735749,840.48824981345,29.3651154305212,-116.906076570947,840.528271461352
29.3626805332212,-116.841632141717,840.49601506487,29.3192339364938,-116.835083596939,840.515276466296,29.4081797679582,-116.886036024538,840.487737200859,29.3672901319516,-116.9056312606,840.526655219885
29.3624483853047,-116.841090447355,840.495827096417,29.3191931843987,-116.835947255628,840.515942648716,29.4081343105824,-116.885272139152,840.487272094087,29.3694788169636,-116.905129496721,840.525017503974
29.3621892047281,-116.840553663322,840.495641786644,29.3191783746771,-116.836893082173,840.516608412297,29.4079431383247,-116.88464206402,840.486835458437,29.3716646853015,-116.904573023117,840.523365299467
29.3619031249297,-116.840035980729,840.495449872918,29.3192030506322,-116.837912712473,840.517270373307,29.4076144203958,-116.884149992048,840.486408775818,29.3738251623997,-116.903968801135,840.521699942986
29.3615955654748,-116.839546841794,840.495252729244,29.3192979820983,-116.838971508211,840.517955371514,29.4071784371406,-116.883779512532,840.486004776904,29.3759331574734,-116.903326234617,840.520020142769
29.3612725669936,-116.839098841807,840.495052499757,29.3194702158143,-116.840026667095,840.518643039943,29.406666373434,-116.883512244127,840.485635415228,29.3779639503278,-116.902651503063,840.518332856208
29.3609437666444,-116.838698019523,840.494862518359,29.3196993117358,-116.841074179354,840.519322252441,29.4061087866784,-116.88332726973,840.485311856453,29.3798978852709,-116.901947151514,840.516656043656
29.3606153588792,-116.838344968644,840.494694656443,29.3199614888633,-116.842113362716,840.519964765242,29.4055316474823,-116.883204973812,840.485043541547,29.3817180873829,-116.901215683388,840.515014640997
29.3602977595303,-116.838024894835,840.49457196494,29.3202387385339,-116.843133054467,840.520554659477,29.4049567350367,-116.883127139012,840.484838193774,29.3834056889568,-116.900460478073,840.513436846471
29.3599972865807,-116.837732947058,840.494502303272,29.3205235321489,-116.844106345145,840.521099325754,29.4044028746753,-116.883077949748,840.484701404064,29.3849443503372,-116.899683276232,840.51194814539
29.3597174646545,-116.837469632856,840.494484892677,29.3208103044551,-116.84500574585,840.521606089158,29.4038867839557,-116.883044508781,840.484636372997,29.3863332230151,-116.898878909033,840.510545666527
29.3594574357801,-116.837240773415,840.494510794211,29.3210801445127,-116.84582823071,840.522063346664,29.403423294089,-116.883016902086,840.484643846889,29.3875808908483,-116.898037447601,840.509220540003
29.3592134502395,-116.837055175813,840.494566440551,29.3213227439644,-116.846563799185,840.522476652949,29.4030250684212,-116.882987984583,840.48472219407,29.3886956264018,-116.897150556819,840.507963140816
29.3589839541996,-116.836918607562,840.494642015575,29.3215142777495,-116.84722835328,840.522822242323,29.4027021394297,-116.882952955071,840.484867588828,29.3896859388346,-116.896209610123,840.506768657031
29.3587718337245,-116.836831652173,840.494734231007,29.3216459298076,-116.847820643172,840.523100336439,29.4024616153812,-116.882909014203,840.48507415584,29.3905592787111,-116.895208335548,840.505636125238
29.3585842283934,-116.83679065321,840.494844878007,29.3217142815694,-116.848335324307,840.523314770298,29.402307721313,-116.882855296372,840.485333990962,29.3913221227741,-116.894143905325,840.504567493148
29.3584293912258,-116.836791693116,840.494975150125,29.3217209950028,-116.848762980725,840.523469142881,29.4022420532176,-116.882792819468,840.485637177492,29.3919781904554,-116.893019552404,840.503562722304
29.3583141178715,-116.836833095951,840.49512261394,29.3216658308344,-116.84909975664,840.523559426742,29.402263806049,-116.882724648879,840.485971746041,29.3925297367915,-116.891843684319,840.502622068264
29.3582419334842,-116.836916926658,840.49527959614,29.3215570122602,-116.849333353215,840.52359514198,29.4023698127772,-116.882655947491,840.486323684935,29.3929787689525,-116.890629823504,840.501747497136
29.3582160155341,-116.837044649789,840.495439586428,29.3214041733693,-116.849453621427,840.523584917689,29.4025544222184,-116.882594054572,840.48667694117,29.3933272223667,-116.88939574829,840.500942347874
29.3582398708388,-116.837215977858,840.495598965726,29.3212135263854,-116.849459545671,840.5235269456,29.4028093505865,-116.882548418889,840.48701347893,29.393573859604,-116.888167980336,840.500204596053
29.3583166189376,-116.837429787742,840.495756043021,29.3209919752722,-116.849353035989,840.523418568729,29.4031236134496,-116.882530659498,840.487313272021,29.3937118255933,-116.886983861547,840.499519403307
29.3584482614497,-116.837685346594,840.49590956463,29.3207483308222,-116.849135957286,840.523257406768,29.4034833660036,-116.882554748574,840.487554164037,29.3937574079349,-116.885859312992,840.498892762884
29.358634605875,-116.837984227447,840.496056658928,29.3205008203108,-116.848797451638,840.523055751648,29.4038715508771,-116.882636766837,840.487711998467,29.3937257746316,-116.884809632995,840.498328454747
29.3588667455078,-116.838340079834,840.496179819068,29.3202726289268,-116.848319254024,840.522835807183,29.4042675702336,-116.882793319192,840.487761870937,29.3936283977715,-116.883851091958,840.497827503668
29.3591360728812,-116.838751722442,840.496276571431,29.3200665222589,-116.847713461178,840.522592062571,29.4046683433871,-116.883016849883,840.487715816636,29.3934779947618,-116.882994417867,840.497396148738
29.359428927583,-116.839212879549,840.496344566196,29.3198758566791,-116.847006188597,840.522304946881,29.4050776560774,-116.883286138578,840.487601371957,29.393285897045,-116.882247227966,840.497041236047
29.359733675443,-116.839703083811,840.496393366145,29.3196913731311,-116.846227320543,840.521951596061,29.4054984752022,-116.883576536371,840.487440688623,29.3930593245053,-116.881617211728,840.496765634724
29.3600396395364,-116.840203623078,840.496430322209,29.3195098759501,-116.845397037004,840.521525318053,29.4059273192428,-116.883867281598,840.487245971059,29.39280047827,-116.881113016507,840.496567320969
29.3603395053105,-116.840691611384,840.496468172396,29.3193313005898,-116.844527928854,840.521029785665,29.4063595105422,-116.884139221781,840.487024862547,29.3925108873509,-116.880737511344,840.496448628567
29.3606286057274,-116.841152384777,840.496515879393,29.319160779548,-116.843622642801,840.520481870334,29.4067935395852,-116.884372199802,840.486785271289,29.3921925387165,-116.88048631797,840.496418970178
29.3609037193762,-116.841580937217,840.496576371457,29.3190017239347,-116.842684596042,840.519889723008,29.4072293358088,-116.88454779135,840.486531703747,29.3918492551698,-116.880346553533,840.496495689715
29.3611602457542,-116.841973165653,840.496650222367,29.3188550866499,-116.841720867795,840.519259033788,29.4076670943718,-116.884651256423,840.48626368394,29.3914801098255,-116.880307507162,840.496686073309
29.361393408274,-116.842325556119,840.496736647433,29.3187295562952,-116.840728458162,840.518612086081,29.40810469489,-116.884673701274,840.485977348514,29.3910782219346,-116.880364201556,840.496988457954
29.3615989455906,-116.84263538607,840.496833846246,29.3186295416164,-116.839711798811,840.517969870846,29.4085392533655,-116.884609659234,840.485668997597,29.3906412650137,-116.880504100236,840.497399263975
29.3617741794754,-116.842900360743,840.496939514876,29.3185557167265,-116.83868242538,840.517345796613,29.4089674061827,-116.884456584825,840.48533590767,29.3901659739044,-116.880721726888,840.49791405265
29.3619181321623,-116.843118674298,840.497050716464,29.3184960745802,-116.837672075214,840.516729219755,29.4093862642252,-116.884213695381,840.484978003477,29.3896539806318,-116.881007752931,840.498525935296
29.3620311095885,-116.843289108912,840.497163850923,29.3184439993169,-116.836704423339,840.516122831592,29.4097929850384,-116.883882630289,840.484596980179,29.389105493456,-116.8813572082,840.499225549608
29.3621142063131,-116.843411153427,840.497274614277,29.3183994763883,-116.835792465889,840.515543871776,29.4101854301187,-116.883466724148,840.484197372693,29.3885163501729,-116.881772186917,840.499998515146
29.3621685074769,-116.843485668907,840.497377155291,29.3183639747751,-116.834945764821,840.515014870864,29.4105608792087,-116.88297304895,840.483784025937,29.3878846081609,-116.882257129733,840.500834262747
29.3621942513649,-116.843515790632,840.497462896518,29.3183307465851,-116.834184044765,840.514547061221,29.4109164354695,-116.882412285989,840.483362610224,29.387205473178,-116.882822915421,840.501717865303
29.3621903086456,-116.843507574472,840.497519746805,29.3182916473447,-116.83352597218,840.514139711165,29.4112496976595,-116.881798122593,840.482940746485,29.3864783707233,-116.88347450517,840.502645970111
29.3621542409419,-116.843469119676,840.497533632102,29.3182441596282,-116.8329792761,840.513803631623,29.4115577459953,-116.881147214289,840.482527047148,29.3857087677011,-116.884208453571,840.50362096336
29.3620848776701,-116.843406657106,840.497494470734,29.3181874439963,-116.832547418118,840.513549878939,29.4118349588904,-116.880479876098,840.482128445237,29.3849094379796,-116.885010948934,840.504626723393
29.3619861618296,-116.843318989969,840.497404395105,29.3181194530071,-116.832234069008,840.513383289758,29.4120787250398,-116.879810675231,840.481761407171,29.3840945558297,-116.885867649103,840.505643029201
29.3618666535773,-116.843197827671,840.497277075831,29.3180394400517,-116.832039705613,840.513308734104,29.4122852042134,-116.879153972137,840.481443750619,29.3832800385859,-116.886763402428,840.506648369929
29.3617365243201,-116.843031254965,840.497132240184,29.3179438178379,-116.831968174107,840.513320287075,29.41244109631,-116.878532924696,840.481179597969,29.3824802817567,-116.887686979779,840.507620250767
29.3616027026225,-116.842809257121,840.496987428582,29.3178341495164,-116.832015119329,840.51342036707,29.4125305970365,-116.877971379396,840.480969705258,29.3817148444316,-116.88862274633,840.508547636548
29.3614658608169,-116.842527235325,840.49685272053,29.3177163472186,-116.832168840279,840.513619867858,29.4125339441946,-116.877495584222,840.480807236637,29.3810088120049,-116.889548468678,840.509433143551
29.3613194950399,-116.842188896959,840.496728103018,29.3175891340617,-116.832427083606,840.513911513985,29.4124305490881,-116.877129428952,840.48068231206,29.3803801104257,-116.890449571369,840.510271510619
29.3611530132887,-116.841805095838,840.496607807796,29.3174453958135,-116.832794710375,840.514268524384,29.4122033318235,-116.876889785726,840.480583652355,29.3798409202013,-116.89131665481,840.511053012583
29.3609538681595,-116.841391242356,840.496484532198,29.3172827836049,-116.83326681786,840.514673441669,29.4118399257452,-116.87678604007,840.480499804697,29.3793991519623,-116.892141914923,840.5117675705
29.3607113160052,-116.840960709063,840.496356974852,29.31711081196,-116.833818559351,840.515134664888,29.4113370203636,-116.876814504458,840.480426992996,29.3790566680526,-116.89291955162,840.512402853715
29.3604173977612,-116.840521382599,840.496232068182,29.3169347713713,-116.834431587703,840.515650677006,29.4107084946726,-116.876950476964,840.480383052657,29.3788092832529,-116.893645238248,840.512944923055
29.3600712038654,-116.840084542443,840.496122219432,29.3167555631764,-116.83509647115,840.516213305909,29.4099746521101,-116.877169703727,840.48038420252,29.3786523823529,-116.894312016837,840.513387521726
29.3596733186609,-116.839676307229,840.496029761811,29.3165726606694,-116.835808420025,840.516813044042,29.4091600067303,-116.877448621898,840.480443948871,29.3785819332499,-116.894912063426,840.51372729442
29.3592290068691,-116.839308209542,840.495968117771,29.3163881623166,-116.836559930719,840.517448294953,29.4082881565462,-116.877767408977,840.480572785708,29.3785998448913,-116.895430987055,840.513961685249
29.3587447543566,-116.838985054703,840.49594902422,29.3162045195354,-116.837339336259,840.518120868088,29.4073806027543,-116.878108842387,840.480778884831,29.3787065380953,-116.895853807989,840.514090233499
29.3582286022165,-116.838704893088,840.495982158514,29.3160148870529,-116.838136012069,840.518814405497,29.4064564021479,-116.87845798416,840.48106819125,29.3788938241468,-116.896169669678,840.514109328007
29.3576939316211,-116.838451167003,840.496086486804,29.3158122390804,-116.838937299831,840.519513205592,29.4055326213428,-116.878802331038,840.481444151853,29.3791486758899,-116.896369402319,840.514015173492
29.3571448879153,-116.838225040587,840.49625436133,29.315591808099,-116.839730626601,840.520205222291,29.4046253533828,-116.87913230051,840.481907254848,29.3794577832848,-116.896442928207,840.513807792697
29.3565834848257,-116.83803326771,840.496469331223,29.315351655189,-116.84050248483,840.520882021057,29.4037499810454,-116.879441315475,840.482454909648,29.3798082918917,-116.896380958421,840.513491613206
29.3560138548147,-116.837881480953,840.496715759318,29.3150906311812,-116.841241092291,840.521534264379,29.4029207736577,-116.879725605136,840.48308158599,29.3801863556199,-116.896177972585,840.513073219623
29.3554439587505,-116.837771848121,840.496982532756,29.3148050552317,-116.841941266016,840.522144708415,29.4021502666025,-116.879983850116,840.483779064206,29.3805798347541,-116.895829945295,840.512565384992
29.3548855016132,-116.837703223294,840.497263470345,29.3144949983928,-116.842594859087,840.522701786287,29.4014487861007,-116.88021687493,840.484536655488,29.3809783375246,-116.895335913759,840.511985669959
29.3543520738979,-116.837673228974,840.497554780732,29.3141590268043,-116.843198279213,840.523187269412,29.4008241849693,-116.880427406049,840.485341353118,29.3813727764809,-116.894699235885,840.511354755943
29.3538567981767,-116.837680378499,840.497852451398,29.3138091183643,-116.843729797379,840.523607341314,29.4002816925489,-116.880619899792,840.486177979969,29.3817546892424,-116.893929067812,840.510694636344
29.3534108791391,-116.837724897517,840.498151531956,29.3134642924072,-116.844159220717,840.52398164557,29.3998238068137,-116.880800570985,840.487029271115,29.3821136708671,-116.893042705178,840.510022091734
29.3530230144324,-116.837808524582,840.498446939082,29.3131229502291,-116.844491422455,840.524293906766,29.3994501769553,-116.880977487942,840.487875923378,29.3824383876962,-116.89206509748,840.509341488164
29.3527001510584,-116.837933107132,840.498735678256,29.3127830349915,-116.844734011037,840.524529381151,29.3991575618663,-116.881160690244,840.488696612986,29.3827176567437,-116.891028103853,840.508653411323
29.3524475847991,-116.838100345498,840.499017130254,29.3124456528063,-116.844891406433,840.524683838361,29.3989398685866,-116.881362230666,840.489468007494,29.3829427177098,-116.889965111625,840.507961680801
29.3522694967876,-116.838311475185,840.499292842511,29.3121166950078,-116.844960650646,840.52476165046,29.3987882503998,-116.881596327304,840.490164693437,29.3831049555154,-116.88891145997,840.507270084139
29.3521685467444,-116.838568031856,840.499564940202,29.3118077384965,-116.844928880166,840.524777560032,29.3986912722793,-116.881879411117,840.490759318018,29.3832032303929,-116.887894655568,840.506595666442
29.3521464263932,-116.838871831596,840.499836012576,29.311528742005,-116.844784572696,840.524742545111,29.3986343271448,-116.882229800406,840.491222356058,29.3832424869954,-116.886935508184,840.505966267856
29.3521967376155,-116.839236439802,840.500092532944,29.3112808490156,-116.844528723712,840.524649236326,29.3986195503522,-116.882645220871,840.491557038785,29.3832265328086,-116.886056880356,840.505408096735
29.3523145031991,-116.839660249356,840.500333634348,29.3110694598267,-116.844156824406,840.524498937822,29.3986555078946,-116.88311099128,840.49178492907,29.3831561430647,-116.885284731011,840.504938861527
29.3524906734011,-116.84013583398,840.500557840903,29.3108957445718,-116.843674252326,840.524284948998,29.3987516308156,-116.883605427215,840.491933166511,29.3830325194618,-116.88464114415,840.504562686177
29.3527184220328,-116.840640787936,840.500776396502,29.3107639930159,-116.84308502947,840.524004197326,29.3989126277086,-116.884105230169,840.492025275037,29.3828584499864,-116.884140462154,840.504291574869
29.352985158406,-116.841162631725,840.500987328978,29.3106657394311,-116.842415868838,840.523642571878,29.3991375906539,-116.884589315102,840.492076888542,29.3826387963698,-116.883787762213,840.504138644778
29.3532801566855,-116.841686845302,840.501191176717,29.3106006082926,-116.841684784428,840.523203995314,29.3994192081322,-116.885043239323,840.492091087749,29.3823846012573,-116.883572906488,840.504094853279
29.3535925114697,-116.842198685048,840.501387489144,29.3105641385732,-116.840917096602,840.522683048005,29.3997485409902,-116.885455960916,840.492063996451,29.3821091035132,-116.88347689052,840.504152468904
29.3539135832979,-116.842691921796,840.50157127808,29.3105547292654,-116.840134228703,840.52208020544,29.400119506644,-116.885816646812,840.491990304632,29.3818197741414,-116.883483779686,840.504300213401
29.3542375903109,-116.843167863556,840.501734603003,29.3105768644863,-116.839348423707,840.521405394,29.4005301876221,-116.886112789201,840.491865649969,29.3815229468973,-116.883577075253,840.504529241026
29.3545587975438,-116.843626639328,840.501870529263,29.3106482007213,-116.838551444646,840.520693485783,29.4009773685358,-116.886336466328,840.491682868251,29.3812215311335,-116.883743968783,840.504826966909
29.3548733544884,-116.844064879348,840.501977186228,29.310789277887,-116.83773179292,840.51999921198,29.4014572469673,-116.886481087367,840.491435445817,29.38091589043,-116.883975732566,840.50517810714
29.355179648292,-116.844475628795,840.50205819651,29.3109985284896,-116.836910231803,840.519362288925,29.4019662865416,-116.886540244153,840.491119551252,29.3806085839029,-116.884263049162,840.505572065498
29.3554795273132,-116.844849113582,840.502121058048,29.3112568612083,-116.836120666287,840.518777054416,29.4025018056491,-116.88650710178,840.490734937628,29.3803069464704,-116.884593602148,840.506006952881
29.3557748898135,-116.84517754597,840.502170407592,29.311540172172,-116.835396955597,840.518217816223,29.4030621014012,-116.886373885096,840.490285117402,29.3800152233331,-116.884959624155,840.50647376782
29.3560659431739,-116.845456167214,840.502206136671,29.3118324906216,-116.834758625418,840.517677756003,29.4036449315142,-116.886134576453,840.489774270443,29.3797375576129,-116.885353064449,840.506963482877
29.3563517760032,-116.845682033696,840.502225123213,29.312125255388,-116.834213580818,840.517166615331,29.4042471078128,-116.885786138943,840.489206400573,29.3794785650371,-116.885764465959,840.507470282206
29.3566300464177,-116.84585459512,840.502220846854,29.3124145928627,-116.833762899661,840.516701857319,29.4048637072791,-116.885329188525,840.488584470512,29.3792436215591,-116.886185135588,840.507987912587
29.3568972825243,-116.845975354553,840.502184246863,29.312698053604,-116.833405886238,840.516300625974,29.4054889957713,-116.88476743265,840.487912157724,29.3790372111052,-116.886609725317,840.508508548161
29.3571507452873,-116.846045176332,840.502107835866,29.3129731162502,-116.83314226212,840.515976145202,29.4061175284037,-116.884106458663,840.487196152077,29.3788619593758,-116.887037769383,840.509020533174
29.3573881298668,-116.846064236005,840.501985671216,29.3132366279179,-116.832972903905,840.515736190815,29.406743603324,-116.883354386507,840.48644554418,29.3787150472838,-116.887477083381,840.509501994594
29.3576057896016,-116.846033893548,840.501810199981,29.3134857219807,-116.832898299545,840.51558478946,29.4073610252934,-116.882522168226,840.485671623314,29.378598598817,-116.887927985448,840.509941103412
29.3578007695455,-116.845953630228,840.501577100766,29.3137183121336,-116.832917876478,840.515522908259,29.4079624711256,-116.881623203989,840.484887583537,29.3785187246846,-116.888384654351,840.510334134797
29.357971733328,-116.845819946447,840.501287441251,29.3139336146572,-116.833029550846,840.515549090325,29.4085390174392,-116.880673613943,840.484107969698,29.3784825617543,-116.88883929983,840.510679885069
29.3581187562563,-116.845626996412,840.500946966756,29.3141322271513,-116.833229970845,840.515659306837,29.4090831922715,-116.879688444466,840.48335416253,29.3784949079832,-116.889286684062,840.5109737882
29.3582434288111,-116.845366756858,840.500565659356,29.3143156276707,-116.833515379104,840.515845954824,29.4095846802016,-116.878687544867,840.482646551768,29.3785546198583,-116.889729315115,840.511204215039
29.3583488241325,-116.845028997311,840.500157217095,29.3144862936839,-116.833881165358,840.516098624904,29.4100286993052,-116.877697953247,840.482001380646,29.3786605028709,-116.890169814657,840.51136122907
29.3584387206003,-116.844602743964,840.4997371731,29.3146485287626,-116.834320282721,840.516406489404,29.4103924919612,-116.876757395353,840.481425071674,29.378819956596,-116.890599242973,840.511452105633
29.358514319455,-116.844082500959,840.499315975521,29.3148071780558,-116.834825159157,840.516756016412,29.4106486850765,-116.87591072649,840.480918509202,29.3790453977607,-116.891001107173,840.511495158262
29.3585730459921,-116.843472252927,840.498895810041,29.3149675943258,-116.835387607744,840.517131596081,29.4107737859848,-116.875200052174,840.480463344343,29.3793415214449,-116.891367856058,840.51149640485
29.3586095819773,-116.842783310202,840.498473489978,29.3151365698847,-116.835996675028,840.517519277083,29.4107606533425,-116.874637398283,840.480044814022,29.3797067457961,-116.891698661157,840.51145275338
29.3586170453236,-116.84203316423,840.498042790363,29.3153208910082,-116.836640185764,840.517907162833,29.4106024257654,-116.87423189933,840.479642638251,29.3801338836255,-116.891997457787,840.51135362142
29.3585891307955,-116.841244147302,840.497597927749,29.3155249082962,-116.837307981309,840.51828435335,29.4102966659287,-116.873986997495,840.479240675518,29.3806141339874,-116.892265874194,840.511187313175
29.358522416337,-116.840437492608,840.497138395051,29.3157563792983,-116.837981568867,840.51865371253,29.4098631975276,-116.873880882344,840.478856621957,29.3811405125739,-116.892499932429,840.510948934869
29.3584196280695,-116.839628910212,840.496673094053,29.3160186726026,-116.838645893924,840.519014549142,29.4093246393572,-116.873890515153,840.478507428801,29.381709648436,-116.892688783466,840.510635664759
29.3582840808393,-116.838838461887,840.496206185852,29.3163084073953,-116.839293543715,840.519358622582,29.4087052754614,-116.873992404258,840.478208271179,29.3823180209481,-116.892820237668,840.510247977503
29.3581259739368,-116.838078142896,840.495750436471,29.3166183563676,-116.839920172396,840.519675610017,29.4080303228226,-116.874161936984,840.477972995953,29.3829632440083,-116.892880184734,840.509792486919
29.3579527488868,-116.837353285852,840.495316010538,29.3169409527903,-116.840519244457,840.519959670331,29.4073221884841,-116.874377263663,840.477813278848,29.3836417933156,-116.892857615758,840.509277034101
29.3577752313733,-116.836653162013,840.494924040468,29.3172688702783,-116.84108178453,840.520209793349,29.4066005691591,-116.874619073554,840.477738609861,29.3843503531665,-116.892742281222,840.508713202658
29.3575980811835,-116.8359782906,840.494578407413,29.3175961135694,-116.841595977658,840.520430143912,29.4058833603487,-116.8748710604,840.477755843094,29.3850761710467,-116.892528437847,840.508101448178
29.3574238833652,-116.835333053097,840.494276589416,29.3179132533756,-116.842055911041,840.520617802901,29.4051872281454,-116.875120125327,840.477868919607,29.3858047400817,-116.892213816082,840.507442165472
29.3572537730667,-116.8347239128,840.494011984355,29.3182093491901,-116.842459082568,840.520766061065,29.4045276777664,-116.87535625593,840.478078849708,29.3865223860026,-116.891798443715,840.506739646584
29.3570888458319,-116.834157250106,840.493776935271,29.3184758968202,-116.842800128729,840.520872922477,29.403918745606,-116.875572309225,840.478383830215,29.387215879791,-116.891284973014,840.506001666018
29.3569322478673,-116.833637011526,840.493566397495,29.3187055958866,-116.843073588923,840.520937405681,29.4033726152723,-116.87576368385,840.478779432776,29.3878714291613,-116.89067891746,840.505238850653
29.3567889212141,-116.833165588339,840.493377132907,29.3188905624308,-116.843278107437,840.520954015961,29.4028993538799,-116.875928060771,840.479258733723,29.3884715654558,-116.889991335899,840.504461218147
29.3566647574072,-116.832744967364,840.493206498365,29.3190253036273,-116.843413474087,840.520918005094,29.4025067608285,-116.87606513533,840.479812415322,29.3890014605647,-116.889233891616,840.50367874361
29.356565500709,-116.832377954377,840.493051081095,29.3191075791758,-116.843480578239,840.520826933815,29.4022002827773,-116.876176500334,840.48042881098,29.3894702872975,-116.888404715191,840.502905253661
29.3564968792406,-116.8320677172,840.492907373027,29.3191417554352,-116.843475797837,840.520687607824,29.4019829623958,-116.876265639927,840.481093912453,29.3898861021613,-116.887505726425,840.502148447836
29.3564657134082,-116.831816069836,840.492774068941,29.3191349722077,-116.843395392715,840.520508034771,29.4018554037736,-116.876338047494,840.481791326635,29.3902543635938,-116.886543447509,840.501414092718
29.3564794915497,-116.831623731437,840.49265172693,29.3190931186625,-116.843239987671,840.520290035315,29.4018158063507,-116.87640125307,840.482502251668,29.3905763314977,-116.885530437189,840.500702181783
29.3565461687938,-116.831490123033,840.492543149196,29.319022520614,-116.843010859282,840.520033697946,29.4018600935299,-116.876464939558,840.483205424761,29.3908439076044,-116.88448718595,840.499998794199
29.3566728748476,-116.83141466774,840.492451727365,29.3189305820396,-116.842708384528,840.519739074032,29.4019820159098,-116.876541005508,840.483877114702,29.3910543623139,-116.883431046649,840.499299647319
29.3568644259093,-116.831398676313,840.492379106216,29.318827460168,-116.842329337447,840.519409937035,29.4021730503036,-116.876643483992,840.48449120782,29.3912120787298,-116.882374975032,840.498612499243
29.3571234331047,-116.831445667901,840.492325086003,29.3187232866454,-116.841870384367,840.519048827258,29.4024218738402,-116.876788453527,840.485019306135,29.3913221303088,-116.881335399851,840.497945001039
29.357445636369,-116.831569296872,840.492276499277,29.3186294729217,-116.841325195874,840.51866147238,29.4027134420254,-116.876993676969,840.485431001176,29.3913911371934,-116.880328516635,840.497306272461
29.3578271917504,-116.831769145918,840.492232343752,29.3185569871413,-116.840688456081,840.518255013226,29.4030282690464,-116.877276710085,840.48569535499,29.3914277697942,-116.879368194955,840.496708242797
29.3582597335987,-116.832038759061,840.492191852984,29.3185112771528,-116.839966653525,840.517826689661,29.4033696511907,-116.877622319078,840.485824483552,29.3914362447644,-116.878473776116,840.496153006226
29.3587363893572,-116.832357397379,840.492166094037,29.3184903086642,-116.839180734777,840.517360475025,29.4037445415812,-116.878007598248,840.485838588664,29.3914218645585,-116.877661420838,840.49564337433
29.3592442869317,-116.832715025267,840.492151435622,29.3184938391286,-116.838350767813,840.51684738664,29.4041589362801,-116.878408931445,840.485756245861,29.3913915782416,-116.876942462867,840.495184886173
29.3597727654026,-116.833099375822,840.492147508678,29.3185226862793,-116.837498173039,840.51628342546,29.4046194605213,-116.878800786453,840.485595986577,29.3913523058538,-116.876324751095,840.494783904964
29.3603111123668,-116.833498409782,840.49215383526,29.3185803198174,-116.836638570245,840.515674155218,29.4051305777477,-116.879161231611,840.485369506961,29.3913100552987,-116.875812969111,840.494446273031
29.3608518973749,-116.833908553583,840.492166819449,29.318670133401,-116.835784608229,840.515028971005,29.4056968559345,-116.879470397963,840.485084671641,29.391270436462,-116.875407584125,840.494177369946
29.3613892944927,-116.834324593571,840.492185151404,29.3187972116677,-116.834943725285,840.514363786016,29.4063230836004,-116.879708222575,840.484747336385,29.3912378623853,-116.875106544318,840.493982014369
29.3619195320227,-116.834740036844,840.492209114004,29.3189655321889,-116.834122955381,840.51369453661,29.4070087288924,-116.879861567133,840.48435670007,29.3912157090604,-116.874905885159,840.493865386436
29.3624403445253,-116.83514883408,840.492238603198,29.3191782928495,-116.833328325165,840.513037867141,29.4077493010925,-116.879923399638,840.48390762315,29.3912049076101,-116.874802636661,840.493829837136
29.3629496345922,-116.835547318886,840.492270538743,29.3194370766878,-116.832565992038,840.512408932654,29.408538017843,-116.879890627931,840.483393790242,29.391203221394,-116.874796499878,840.493873321607
29.363445984032,-116.835933141202,840.492300353463,29.3197384756824,-116.831847485467,840.5118136756,29.409367388471,-116.879761945256,840.482810654321,29.3912064271571,-116.874888696598,840.493989370792
29.3639282636042,-116.836305174307,840.492322188824,29.3200745203771,-116.831189001593,840.511249786737,29.410230024482,-116.879536967727,840.48215676179,29.3912160473718,-116.875070736334,840.494166275363
29.364396578924,-116.836661498197,840.492332105153,29.3204368833981,-116.830604484644,840.510716399913,29.4111183790939,-116.879216450681,840.481433344866,29.3912329761056,-116.87533353222,840.494390529812
29.3648508073133,-116.837000770787,840.492326221702,29.3208181106723,-116.830104132846,840.510215995013,29.4120255992832,-116.878801635945,840.480645556028,29.3912586280782,-116.875666706422,840.494650407591
29.3652896174721,-116.837323171157,840.492299458089,29.3212101928043,-116.829697081257,840.509750130857,29.4129441734988,-116.878295437666,840.479800293496,29.3912969205961,-116.876057437295,840.494938199834
29.3657107645973,-116.837629614742,840.492246887831,29.3216093238629,-116.829384263531,840.509329769073,29.4138672827892,-116.87770129488,840.478908332382,29.3913519275995,-116.876493706938,840.49524376813
29.3661120979847,-116.837920266432,840.492165967401,29.3220131522434,-116.829162725442,840.508968906502,29.4147892271624,-116.877022863124,840.477985027119,29.3914278674985,-116.876962295095,840.495557641066
29.3664912948641,-116.83819488868,840.492055672639,29.322418586072,-116.829029378865,840.508678933213,29.4157038775416,-116.876265288011,840.477047942686,29.3915275013672,-116.87745079819,840.495870308226
29.3668460506905,-116.838452679921,840.491916395391,29.3228213723311,-116.828982170987,840.508466935179,29.4166032380731,-116.87543662714,840.476114484434,29.3916450995414,-116.877958290004,840.496168171472
29.3671752524389,-116.83869108552,840.491751639627,29.3232167323551,-116.829019761866,840.508336411418,29.4174767848591,-116.874549469763,840.475200157942,29.3917781563902,-116.878481270305,840.496445844482
29.3674795721375,-116.838905028858,840.491568687092,29.3236003548291,-116.82914058538,840.50828903358,29.4183112762449,-116.873621456195,840.47431767182,29.3919263298539,-116.879013689621,840.496698345562
29.3677615921984,-116.839086192874,840.491378699031,29.3239684836336,-116.829343042458,840.508324904598,29.4190886756718,-116.872677858407,840.473472468261,29.3920889157873,-116.879551627426,840.496922299694
29.3680249983659,-116.839223708767,840.491195512868,29.3243172101427,-116.829626699031,840.50844134151,29.4197911251318,-116.871746860752,840.472669665864,29.3922656850558,-116.880094223696,840.497115108065
29.3682715947462,-116.839307942623,840.491030766512,29.3246417034846,-116.829993422082,840.50863155883,29.4204046478844,-116.870854356495,840.471920213884,29.3924562435523,-116.8806438316,840.497274697321
29.3684994028912,-116.839334161961,840.490890592624,29.3249353815539,-116.830448757152,840.508883004033,29.420914011127,-116.870029633618,840.471229507988,29.3926635199675,-116.881200113422,840.497405765854
29.3687022637583,-116.839304857577,840.49077487596,29.3251928798475,-116.830998081229,840.509183842844,29.4213083597252,-116.869294295396,840.470589400206,29.3929032969607,-116.881745250364,840.497521707975
29.368870424135,-116.83922938151,840.49067884316,29.3254164787342,-116.831637184641,840.509537230205,29.4215752023306,-116.868670210076,840.469981776782,29.3931836234325,-116.88226781492,840.497626185146
29.3689918364715,-116.839122010464,840.490595549592,29.3256088636986,-116.832361254944,840.509944888301,29.4217033906255,-116.868174771215,840.469385684847,29.393501946951,-116.882766066487,840.497711776518
29.3690547897396,-116.838999666607,840.490519571613,29.3257750431741,-116.833161625566,840.510411554265,29.4216913579769,-116.867809774484,840.46879180563,29.3938475872858,-116.883244388466,840.497764963733
29.3690503415724,-116.838878855879,840.490449816528,29.3259205178779,-116.834029693973,840.510940530911,29.4215575928343,-116.867553977552,840.468218645133,29.3942086918004,-116.883704637368,840.497780424567
29.3689762536249,-116.838771086502,840.490394250911,29.3260516933598,-116.83495853308,840.511533808156,29.4213249087059,-116.867385180979,840.467683914867,29.394577173376,-116.884141716644,840.497760015423
29.3688366174925,-116.838697929404,840.490354976224,29.3261795886958,-116.835932861365,840.512199621486,29.4210184716099,-116.867280940606,840.467203176287,29.3949530743468,-116.884541088394,840.497691034966
29.3686424625784,-116.838664035085,840.490345979076,29.3262965117823,-116.836936968835,840.512906065197,29.4206613994348,-116.867222303,840.466789443319,29.3953382997876,-116.884882167838,840.497567279232
29.3684052116245,-116.838666764873,840.490378033075,29.3263929703682,-116.837954618374,840.513621055944,29.4202741696132,-116.867193189541,840.466453668467,29.3957319687098,-116.88514383583,840.497390897326
29.3681411729418,-116.83868838835,840.490470450477,29.326457184781,-116.838975063292,840.514311497765,29.4198747952869,-116.867180407497,840.466204644066,29.3961296429179,-116.885307264081,840.497164751209
29.3678623167415,-116.838720978277,840.490626539345,29.3264905527046,-116.839970571816,840.514974159137,29.4194796814343,-116.86717401381,840.466048545194,29.3965259862069,-116.885354207273,840.496887716654
29.3675785744814,-116.838760774266,840.49084213875,29.3265012510275,-116.840905420231,840.515621075657,29.4191041059395,-116.86716747412,840.46598865404,29.3969125379088,-116.885271515854,840.496556348449
29.3672959287461,-116.838809852306,840.491103300499,29.3264793405521,-116.841772461351,840.516224683177,29.4187620870954,-116.867157505574,840.466025411293,29.3972790196244,-116.885051859265,840.496168324137
29.3670169668947,-116.838874665236,840.491389373815,29.3264221196567,-116.842555664824,840.516771825133,29.4184656010263,-116.867143664299,840.466156775939,29.3976154173975,-116.884692206669,840.495724810408
29.3667442078889,-116.838961262973,840.491681592672,29.3263276290287,-116.843240897042,840.517244684472,29.4182234693151,-116.867127823169,840.466378735552,29.3979131014683,-116.884193214755,840.495231412457
29.366481780499,-116.839071783838,840.491970690043,29.326204682529,-116.843804629774,840.51764568441,29.4180404250413,-116.867113677072,840.466685752955,29.3981661688842,-116.883558335198,840.494698961257
29.3662326862404,-116.839206849526,840.492254808252,29.3260419446818,-116.8442595103,840.517983054879,29.4179168620226,-116.867106550766,840.467070892961,29.3983701455055,-116.882795968835,840.494138956935
29.3660005334871,-116.83936650831,840.492534932209,29.3258323739508,-116.844614650154,840.518245101622,29.4178492275904,-116.867113476808,840.467525661467,29.3985203423841,-116.881921208539,840.493562111045
29.3657891471744,-116.839551058308,840.492812201237,29.3255798682408,-116.844864876567,840.518434399845,29.4178305979409,-116.867143571924,840.468039695786,29.3986132971394,-116.880954137907,840.492981866868
29.3656022356751,-116.839760803008,840.493087771061,29.3252843477102,-116.845011456253,840.518545388929,29.41785111246,-116.867208339115,840.468600529428,29.3986470662678,-116.879919342384,840.492414859776
29.365442278711,-116.839996672271,840.493361888893,29.3249495010262,-116.845051429619,840.518577998948,29.4178981821076,-116.867321734487,840.469193508136,29.3986156581405,-116.878853498268,840.491870261521
29.365310486907,-116.84025967591,840.493635085717,29.3245832138752,-116.844977031858,840.518537290704,29.4179564816054,-116.867500228808,840.469801778509,29.3985167307822,-116.877794053049,840.491364434919
29.3652059462114,-116.840551382147,840.493907962313,29.3242002899211,-116.844771985616,840.518440215747,29.4180077150387,-116.867762846201,840.470406271314,29.3983460371467,-116.876785073759,840.490911994157
29.3651267056739,-116.84087224146,840.494183763229,29.323809754994,-116.844430555603,840.518297754038,29.4180301843827,-116.868131268946,840.470985674507,29.3980941057571,-116.875876981934,840.490521083604
29.3650719697544,-116.841220123772,840.494470290293,29.3234147959152,-116.843957928044,840.51810617342,29.4179989414725,-116.868628582646,840.471518696377,29.397768791158,-116.875092805536,840.490209310322
29.3650328114783,-116.841605007388,840.49475817971,29.323025825191,-116.84335383668,840.517873419785,29.4179110502759,-116.869249623872,840.47201919365,29.3973907124395,-116.874432256993,840.489988557645
29.3650029903149,-116.842021487938,840.495049628852,29.3226560406269,-116.842617205201,840.517614134838,29.4177814061836,-116.869962140239,840.4725066605,29.3969745239623,-116.873896833616,840.489858181699
29.3649794525833,-116.842449110984,840.495357370991,29.3222980969501,-116.841781605095,840.517301018691,29.4176210996899,-116.870734856638,840.472993005363,29.3965292818594,-116.873489634662,840.489813702202
29.3649529543162,-116.842879568234,840.495675869921,29.321948608308,-116.840877873817,840.516917319395,29.4174363947874,-116.871541371954,840.473483063175,29.3960612862099,-116.873211382294,840.489851399046
29.3649171013494,-116.843302551649,840.496001597116,29.3216122965731,-116.83992491858,840.516466095727,29.417232062336,-116.872357096808,840.473977683826,29.3955739990893,-116.873060787544,840.489968314475
29.3648666518071,-116.843706538722,840.496331950399,29.3212952670635,-116.838937603199,840.515956135218,29.4170115630507,-116.87316127832,840.474471376577,29.3950707155122,-116.873031373187,840.490164203304
29.3647977244812,-116.844091359721,840.49665652018,29.3210035982842,-116.837929212924,840.515398022317,29.4167807306388,-116.87393410906,840.474957010696,29.3945575781499,-116.873108292221,840.490439777101
29.3647046715018,-116.844459718421,840.496960012915,29.320742178627,-116.836913408276,840.514802158816,29.4165497745643,-116.874653315891,840.475430096768,29.394041242327,-116.873273535799,840.49079830411
29.3645827263207,-116.844815269528,840.497226664322,29.3205160987217,-116.835901720019,840.514182605448,29.4163289722743,-116.875298677614,840.475882436541,29.3935250510005,-116.873513003153,840.491240662544
29.3644324170726,-116.845158435141,840.497449232823,29.3203318174379,-116.834901312243,840.513559928617,29.4161252623633,-116.875856481365,840.476301655846,29.393010572413,-116.873816535033,840.491766645722
29.364262900454,-116.845482269477,840.497633525605,29.3201939236027,-116.833920143941,840.512948089898,29.4159433233007,-116.876317815182,840.476673871791,29.3924974348114,-116.874178934084,840.492373600051
29.3640894673453,-116.845774722573,840.497793158951,29.3201047513894,-116.832968008158,840.51235801121,29.4157869101133,-116.876676675288,840.476986154193,29.3919803551298,-116.874603716031,840.493050756813
29.3639289621856,-116.846023341779,840.497942216072,29.3200631523806,-116.832057675567,840.511795266041,29.4156595080011,-116.876929057202,840.477227341168,29.3914577669492,-116.875090407888,840.49378667632
29.3637960356431,-116.846218943851,840.498089799752,29.320064072615,-116.831205079215,840.511259232607,29.4155648573522,-116.877072819178,840.4773882731,29.3909292869413,-116.875637191861,840.494564589753
29.363701397086,-116.846356842502,840.49823820896,29.3200997590627,-116.830427293269,840.510745936269,29.4155075077328,-116.877107232917,840.477462446499,29.3903964114952,-116.876239045832,840.495370326319
29.3636504729135,-116.846437542893,840.498381840627,29.3201623828434,-116.829738509258,840.510253740165,29.4154929441508,-116.877032317048,840.477446644325,29.3898624406151,-116.876888119259,840.496192813856
29.3636432314881,-116.846466391948,840.498507691232,29.320249146501,-116.829142555558,840.509793342597,29.4155269973259,-116.876849054103,840.477340617098,29.3893320821701,-116.87757503541,840.497022317705
29.3636743980833,-116.846453254541,840.498595816672,29.3203591921201,-116.828638032346,840.509379777134,29.4156151605455,-116.876559757906,840.477146839759,29.3888142029063,-116.878286281184,840.497854600681
29.3637353306076,-116.846410362434,840.498622550938,29.320491489675,-116.828221990656,840.509026688733,29.4157623322,-116.876167840736,840.476871296889,29.3883174855725,-116.879010497047,840.49868227721
29.3638178237282,-116.846347812653,840.498567437688,29.3206442247889,-116.827891350457,840.508744048206,29.4159724078016,-116.875677314297,840.476524356014,29.3878492793514,-116.879740272883,840.499492420348
29.3639186763372,-116.846268015894,840.498421718371,29.3208146294308,-116.82764376261,840.508536864377,29.4162461118992,-116.875094541812,840.476118283554,29.3874155392391,-116.880469529863,840.500268291726
29.3640404218014,-116.846165021531,840.498189264091,29.3209991222211,-116.827478058017,840.508404740602,29.4165798357212,-116.874429558828,840.475665407924,29.3870257205967,-116.881188005615,840.500998111746
29.3641886456728,-116.846028174039,840.497881498655,29.3211935733201,-116.827394387044,840.508342133885,29.4169657406086,-116.873696650723,840.475177297736,29.3866903302327,-116.881884993157,840.501670992735
29.3643698996106,-116.845844681457,840.49751380298,29.321393043001,-116.827394960199,840.508337911788,29.4173900300483,-116.872917490158,840.47465995252,29.3864183830983,-116.882553796773,840.502272503478
29.3645905023677,-116.845600938382,840.49710330891,29.3215919529911,-116.827484104725,840.50837604248,29.417836966984,-116.872117869257,840.474118445887,29.3862184852651,-116.883189094842,840.502788390175
29.3648536070292,-116.845285618926,840.496664079742,29.3217873786536,-116.827663652383,840.508443216726,29.4182951180544,-116.871319935757,840.473566427355,29.3860986606942,-116.883787374057,840.503205070131
29.365156671869,-116.844891935015,840.496203444519,29.3219835498258,-116.827926313194,840.508539472114,29.4187525840679,-116.870546421322,840.473017257885,29.38606751116,-116.884344434142,840.503512973234
29.3654903048579,-116.844419488678,840.495720043001,29.322191916537,-116.828255358938,840.508678861518,29.4191922191572,-116.869825757241,840.472475014845,29.3861363255459,-116.884851328693,840.503711467492
29.3658391033308,-116.843875682903,840.495204297862,29.3224207294834,-116.828637923331,840.508867441687,29.419593842508,-116.869185721468,840.471935009655,29.3863169102268,-116.885294208337,840.503806582591
29.3661846003893,-116.843274784614,840.494642372833,29.3226710595858,-116.829067255845,840.509095421324,29.4199361558818,-116.86865152667,840.471386714279,29.3866169494516,-116.885660457399,840.503802500803
29.3665100148893,-116.842631981688,840.494024238029,29.3229389470138,-116.829541748228,840.509343272083,29.4202012021837,-116.868239479597,840.47082214202,29.3870348997774,-116.885945064613,840.503692349716
29.3668044203725,-116.841954133434,840.493352457377,29.3232180607854,-116.830062392315,840.509587988766,29.4203794776866,-116.867950457346,840.470245262036,29.387563389441,-116.886145543416,840.503465316958
29.3670651524314,-116.841236382979,840.492647525908,29.3235044406209,-116.830627244818,840.509811461736,29.4204735160215,-116.867764383706,840.469679190421,29.3881925991595,-116.88625898104,840.503112527727
29.367298473485,-116.840474407767,840.491940547876,29.3238009234714,-116.831227975373,840.510011032639,29.4204901856561,-116.86765914655,840.469147133256,29.3889112547288,-116.886281492719,840.50262907655
29.3675056896721,-116.839684568792,840.491244824462,29.3241238803998,-116.831839830173,840.510220804098,29.4204388772764,-116.867612372878,840.468669803395,29.3897081975602,-116.886205901731,840.5020178707
29.367686215402,-116.838873740347,840.49057742403,29.3244973542569,-116.832422219859,840.510494883894,29.42032776325,-116.867605074423,840.468264892432,29.3905711995229,-116.886024576614,840.501285772455
29.3678414592851,-116.838036839542,840.489961349825,29.3249076268349,-116.832978628257,840.51081163114,29.4201639873808,-116.867621244991,840.467947187861,29.3914918517922,-116.885727778066,840.500446878696
29.3679694540738,-116.837178795312,840.489404872784,29.3253210594043,-116.833538676051,840.511114452753,29.4199546081345,-116.867648085439,840.467728069936,29.3924612338931,-116.885306782021,840.499519049173
29.3680660672055,-116.836309795549,840.488908369199,29.3257173095688,-116.834112461647,840.511375648292,29.4197073376015,-116.867676225339,840.467615103127,29.3934668078205,-116.884755951473,840.498520672876
29.3681240242388,-116.83544561616,840.488463395837,29.3260904072827,-116.834689088172,840.511599650854,29.41943084583,-116.867699777104,840.467611873139,29.3944873767769,-116.884076465338,840.497462798107
29.368135657924,-116.834605396953,840.488055150986,29.3264399270186,-116.835248309051,840.511802793502,29.4191345569027,-116.867716176994,840.467718111977,29.3954982234793,-116.883274926259,840.496355933153
29.3680983895836,-116.833806565747,840.487669198146,29.3267578671898,-116.835777618191,840.51196782841,29.4188279829246,-116.867725842038,840.467930078833,29.3964764562037,-116.882360559533,840.495217124533
29.3680183993004,-116.833059189547,840.487300588337,29.3270346909731,-116.836264376915,840.512076324818,29.4185197867137,-116.867731667455,840.468241073235,29.3974032523803,-116.881344407766,840.49407098374
29.3679094404072,-116.832365906939,840.48695510881,29.3272647600461,-116.836688896406,840.512123352774,29.4182170151988,-116.867738600468,840.468641839432,29.3982622037874,-116.880241942407,840.492943451908
29.3677875051519,-116.831727376027,840.486642114116,29.3274497971487,-116.837021061418,840.512119754839,29.4179247469454,-116.867753519013,840.469120708553,29.3990354207935,-116.879076868613,840.491856845371
29.3676659109124,-116.83114701102,840.486368295131,29.3275922002634,-116.837232098118,840.512080185827,29.417645996023,-116.867785314465,840.46966358963,29.39969939425,-116.877883918761,840.490824450319
29.3675536205242,-116.830631569686,840.486137236651,29.327670282389,-116.837332839099,840.511982525954,29.4173816814516,-116.867844999431,840.470253953721,29.4002294987969,-116.876703193791,840.489859514433
29.3674562739969,-116.830189857376,840.485950806902,29.3276743793495,-116.837321412791,840.511828152487,29.4171305869013,-116.867945712456,840.470872858971,29.4005984118776,-116.875577204487,840.488978014131
29.3673775474446,-116.829831914736,840.485809463379,29.3276084349146,-116.837182895929,840.511637387921,29.4168892430084,-116.868102814183,840.471498915641,29.4007890241888,-116.874539714888,840.488201342624
29.3673210272693,-116.829567561763,840.485713653768,29.3274787070843,-116.836907456156,840.511424669806,29.4166516944717,-116.868333892727,840.472108432587,29.4008263781567,-116.87359433123,840.487554335452
29.367286352654,-116.829412715396,840.48565426088,29.3272925695594,-116.836491036238,840.511198317302,29.4164092645709,-116.86865755167,840.47267660837,29.400735755965,-116.872744356128,840.487052968626
29.367274121957,-116.829368160135,840.485633157596,29.3270537275017,-116.835942303819,840.510952837423,29.4161614739572,-116.869074869457,840.473201121216,29.4005308573283,-116.872002603452,840.486700880401
29.3672809048106,-116.829427640588,840.485651905896,29.3267661788117,-116.835277083886,840.510679092928,29.4159098952088,-116.869576192959,840.473687917676,29.4002271803016,-116.871374074783,840.486494630595
29.3673046538807,-116.829570401184,840.485722968247,29.3264348132476,-116.834516078997,840.510367166201,29.4156540141292,-116.8701480658,840.474142186256,29.3998319470665,-116.87087079338,840.48641793657
29.3673381640746,-116.829784248026,840.485846321592,29.3260662938477,-116.8336807931,840.510009766881,29.4154066201975,-116.870763237491,840.474582309859,29.3993510592826,-116.870502079428,840.486456399168
29.367374039672,-116.830056765778,840.486021584641,29.3256689358037,-116.83278944052,840.509603962729,29.4151759725478,-116.871398163303,840.47501693364,29.3987936031441,-116.870268473814,840.486605560228
29.3674022801119,-116.830376864365,840.486245333649,29.3252523751049,-116.831856698011,840.509151077667,29.4149662934598,-116.872034733515,840.475443971432,29.3981700446479,-116.870164466339,840.486867203013
29.3674121844964,-116.830744285517,840.486506487042,29.3248294473268,-116.830891308827,840.508660361825,29.4147801564064,-116.872659194179,840.475852835879,29.3974881907947,-116.870184190037,840.487241619328
29.3673946720817,-116.831166916177,840.486790610894,29.3244135168703,-116.829900484769,840.508143255614,29.4146226745038,-116.873257411658,840.476231825144,29.3967534046379,-116.87032221867,840.487727268579
29.3673430209161,-116.831648469516,840.487088875248,29.3240162465164,-116.82889289699,840.507609306949,29.4145000877946,-116.873815699951,840.476571935366,29.3959698432208,-116.870572646711,840.488322466213
29.3672559521187,-116.832186090229,840.487401759308,29.3236470191981,-116.827879062042,840.507065439225,29.4144178822861,-116.874322085975,840.476865133611,29.3951409436359,-116.870929183047,840.489025841362
29.3671383523888,-116.83277039285,840.487739352441,29.3233139676228,-116.826869617584,840.506518152716,29.4143790572721,-116.874766967385,840.477102632375,29.3942691152455,-116.871386443254,840.489835233806
29.3669975928767,-116.833390450204,840.488113934879,29.323024215687,-116.825874885349,840.505973938967,29.4143849896416,-116.87514186879,840.477276471009,29.3933556615296,-116.871939905656,840.490747606875
29.3668406782776,-116.834037309205,840.488534677152,29.3227834978993,-116.824905428226,840.505438523145,29.4144371517762,-116.875437263377,840.477382330843,29.3924009775405,-116.872585607478,840.491759389019
29.3666731130641,-116.834705253246,840.48900575389,29.3225953441969,-116.823973282238,840.504915213394,29.4145381956394,-116.875641836694,840.477421047265,29.3914047440277,-116.873319874385,840.492866807785
29.3664994180198,-116.835391185953,840.489527404969,29.3224620764651,-116.823090388507,840.504406742997,29.4146879678215,-116.875748252288,840.477391242541,29.3903666239985,-116.874138276338,840.494067241835
29.3663234542827,-116.836094287,840.490096627043,29.3223854810365,-116.822267532135,840.503916282174,29.4148840345476,-116.875752492343,840.477290440864,29.3892856723436,-116.875036694865,840.49535797588
29.3661486996927,-116.83681559806,840.490707852871,29.3223674563096,-116.821513345297,840.503448439991,29.4151227625441,-116.875652557073,840.477117031463,29.3881591212605,-116.876013742061,840.496733550916
29.3659783560882,-116.837557655276,840.491353408787,29.3224076546665,-116.820838075983,840.503003933595,29.4154002042877,-116.875448163573,840.476871392727,29.3869809409843,-116.877072617706,840.498182771692
29.3658148924433,-116.838324599919,840.492023235639,29.3225052120781,-116.820250877215,840.50258338297,29.4157118706148,-116.875141313461,840.476555232755,29.385746731777,-116.878212627902,840.499697042899
29.3656591531122,-116.83912272894,840.492703921747,29.3226602802389,-116.819757191377,840.50219109598,29.4160548205247,-116.874733388255,840.476175291681,29.3844543279325,-116.879430757351,840.501272708691
29.3655103860243,-116.839960237178,840.493378897575,29.3228747567132,-116.819357542709,840.501836349932,29.4164261987048,-116.874226056846,840.47574111851,29.3831044806878,-116.880720294006,840.502909447677
29.365367990808,-116.84084516463,840.494031385884,29.3231491418951,-116.81905236513,840.501526212518,29.4168208993339,-116.873624070242,840.475260985339,29.3817056365026,-116.882064561732,840.504596741042
29.3652353751785,-116.841780683275,840.494651351125,29.3234806188934,-116.818845140639,840.501261303241,29.4172305447019,-116.872936963195,840.47473975709,29.3802669803148,-116.883447674737,840.506325937775
29.3651220063794,-116.84276244013,840.495239257526,29.3238648375327,-116.818739732121,840.501039965055,29.4176409924917,-116.872182293515,840.474173878606,29.3787944289039,-116.884860135033,840.508084766162
29.3650424749248,-116.843779773848,840.495804440092,29.3242965321886,-116.818739589251,840.500859881916,29.4180445924831,-116.871372179196,840.473571244661,29.3772917103886,-116.886296502155,840.509858656995
29.3650137392551,-116.844818681615,840.496360446427,29.3247701480174,-116.818847302424,840.500719124616,29.4184377172457,-116.870518268744,840.472944811498,29.3757643302027,-116.887752286314,840.511637224722
29.3650514882153,-116.845864758814,840.496919785863,29.3252816216377,-116.819063983859,840.500618256433,29.4188172025364,-116.869634811314,840.47230635765,29.3742177403728,-116.889224861124,840.513411963873
29.3651659291949,-116.84690800287,840.497488373776,29.325835988845,-116.819381551659,840.500572734661,29.4191761423646,-116.86874145925,840.47166022416,29.3726590592591,-116.890708854916,840.51518075424
29.3653585708277,-116.847946026543,840.498062523169,29.3264477234649,-116.819776045613,840.50060729554,29.4195066906613,-116.867857880907,840.47100506989,29.3710930116444,-116.892196200001,840.51694354993
29.3656214189557,-116.848983285308,840.498629292693,29.3271130183587,-116.820230288049,840.500701649661,29.4197969822468,-116.867005545009,840.470330331067,29.3695247489242,-116.89367174876,840.518706401508
29.3659415882473,-116.850028353668,840.499171681683,29.3278098721327,-116.820753490214,840.500819941081,29.4200349336217,-116.866202697578,840.46962420426,29.3679567986747,-116.895120624266,840.520474623457
29.3663045523959,-116.851090329781,840.499673094008,29.328525916199,-116.821345405209,840.500952190874,29.4202087176254,-116.865463388828,840.468875234299,29.3663849914508,-116.896535818953,840.522243578042
29.3666985759267,-116.852169720492,840.500126892932,29.3292567800268,-116.821998295982,840.501098986896,29.4203136527263,-116.864792253901,840.468079965822,29.3648039939474,-116.897914212668,840.524006847346
29.3671207273779,-116.853263588379,840.500539102029,29.330001680751,-116.822704632016,840.501260875721,29.4203571947471,-116.864176617051,840.467252578603,29.3632071398838,-116.899256005343,840.525756996192
29.3675754188048,-116.854367977838,840.500924567031,29.330765289368,-116.82345363499,840.501445152811,29.4203478086157,-116.863602740396,840.466405947681,29.3615847718283,-116.900566937703,840.527480528684
29.3680606148015,-116.855497666958,840.501275506691,29.3315443672491,-116.824247999585,840.501645480381,29.420295821067,-116.863055691911,840.465551445646,29.3599345694946,-116.901848980304,840.52917535046
29.3685719845392,-116.856653117013,840.501593581585,29.3323423313092,-116.825075242785,840.501866995484,29.4202107842711,-116.862523921246,840.464697199206,29.358261656653,-116.903102987065,840.530849206812
29.3691045550217,-116.857819516507,840.501894715928,29.3331597675455,-116.825917992964,840.502114871849,29.4201028645126,-116.861999132737,840.463847358186,29.3565736737707,-116.904334136641,840.532511108074
29.3696469121259,-116.858990635278,840.502186715125,29.3339867506503,-116.826768205513,840.502375253417,29.4199838922452,-116.861476366151,840.463001353918,29.3548795906433,-116.905552861216,840.534169250285
